{"cameraMode":{"drawMode":0,"name":"Shaded","section":"Shading Mode"},"sceneLighting":true,"audioPlay":false,"sceneViewState":{"showFog":true,"showMaterialUpdate":false,"showSkybox":true,"showFlares":true,"showImageEffects":true,"showParticleSystems":true},"in2DMode":false,"pivot":{"x":-9.25853443145752,"y":-15.179043769836426,"z":-27.081315994262697},"rotation":{"x":0.019640035927295686,"y":0.8403696417808533,"z":-0.5407982468605042,"w":0.030519306659698488},"size":33.25735092163086,"orthographic":true}